{
    "py/object": "fcmlib.fcm.FCM",
    "C1": {
        "py/object": "fcmlib.fcm.Concept",
        "inputMF": {
            "py/object": "fcmlib.functions.piecewiselinear.PiecewiseLinear",
            "pieces": []
        },
        "name": "C1",
        "newValue": 0.6758955253730676,
        "outputMF": {
            "py/object": "fcmlib.functions.piecewiselinear.PiecewiseLinear",
            "pieces": []
        },
        "relation": null,
        "value": 0.6758955253730676
    },
    "C2": {
        "py/object": "fcmlib.fcm.Concept",
        "inputMF": {
            "py/object": "fcmlib.functions.piecewiselinear.PiecewiseLinear",
            "pieces": []
        },
        "name": "C2",
        "newValue": 0.5,
        "outputMF": {
            "py/object": "fcmlib.functions.piecewiselinear.PiecewiseLinear",
            "pieces": []
        },
        "relation": null,
        "value": 0.5
    },
    "C3": {
        "py/object": "fcmlib.fcm.Concept",
        "inputMF": {
            "py/object": "fcmlib.functions.piecewiselinear.PiecewiseLinear",
            "pieces": []
        },
        "name": "C3",
        "newValue": 0.5,
        "outputMF": {
            "py/object": "fcmlib.functions.piecewiselinear.PiecewiseLinear",
            "pieces": []
        },
        "relation": null,
        "value": 0.5
    },
    "C4": {
        "py/object": "fcmlib.fcm.Concept",
        "inputMF": {
            "py/object": "fcmlib.functions.piecewiselinear.PiecewiseLinear",
            "pieces": []
        },
        "name": "C4",
        "newValue": 0.7502601055951177,
        "outputMF": {
            "py/object": "fcmlib.functions.piecewiselinear.PiecewiseLinear",
            "pieces": []
        },
        "relation": null,
        "value": 0.7502601055951177
    },
    "__dict__": {
        "config": {
            "py/object": "fcmlib.config.Config",
            "defaultInputMF": {
                "py/type": "fcmlib.functions.piecewiselinear.PiecewiseLinear"
            },
            "defaultOutputMF": {
                "py/type": "fcmlib.functions.piecewiselinear.PiecewiseLinear"
            },
            "defaultRelation": {
                "py/type": "fcmlib.relations.simplesigmoid.RSimpleSigmoid"
            },
            "functions": {
                "py/repr": "fcmlib.functions/fcmlib.functions"
            },
            "relations": {
                "py/repr": "fcmlib.relations/fcmlib.relations"
            }
        },
        "name": null,
        "relations": {
            "C1": {
                "py/object": "fcmlib.relations.simplesigmoid.RSimpleSigmoid",
                "previous": [
                    {
                        "py/id": 16
                    }
                ],
                "previousnames": [
                    "C4"
                ],
                "weights": [
                    1
                ]
            },
            "C2": {
                "py/object": "fcmlib.relations.simplesigmoid.RSimpleSigmoid",
                "previous": [],
                "previousnames": [],
                "weights": []
            },
            "C3": {
                "py/object": "fcmlib.relations.simplesigmoid.RSimpleSigmoid",
                "previous": [],
                "previousnames": [],
                "weights": []
            },
            "C4": {
                "py/object": "fcmlib.relations.simplesigmoid.RSimpleSigmoid",
                "previous": [
                    {
                        "py/id": 1
                    },
                    {
                        "py/id": 6
                    },
                    {
                        "py/id": 11
                    }
                ],
                "previousnames": [
                    "C1",
                    "C2",
                    "C3"
                ],
                "weights": [
                    0.2,
                    1,
                    1
                ]
            }
        }
    }
}